"month","avg_precip","avg_temp"
1,46.4517448405253,6.55335592810022
2,40.6686116322702,7.78030919879112
3,39.5452532833021,10.5464504024693
4,17.1569793621013,14.2510444027517
5,10.5537898686679,18.7847182715003
6,10.5452908067542,24.1964415259537
7,77.3051594746717,25.6007141560249
8,86.0607879924953,24.5767475640017
9,48.1885178236398,22.0669606003752
10,33.9060225140713,16.6769775464504
11,29.4646529080675,10.9183864915572
12,46.8529643527204,6.37907159716758
